{
    "DATABASE_NAME": {
        "0": "hdc_test",
        "1": "hdc_test",
        "2": "hdc_test",
        "3": "hdc_test",
        "4": "hdc_test",
        "5": "hdc_test",
        "6": "hdc_test",
        "7": "hdc_test",
        "8": "hdc_test",
        "9": "hdc_test",
        "10": "hdc_test",
        "11": "hdc_test",
        "12": "hdc_test",
        "13": "hdc_test",
        "14": "hdc_test",
        "15": "hdc_test",
        "16": "hdc_test",
        "17": "hdc_test",
        "18": "hdc_test",
        "19": "hdc_test",
        "20": "hdc_test",
        "21": "hdc_test",
        "22": "hdc_test",
        "23": "hdc_test",
        "24": "hdc_test",
        "25": "hdc_test",
        "26": "hdc_test",
        "27": "hdc_test",
        "28": "hdc_test",
        "29": "hdc_test",
        "30": "hdc_test",
        "31": "hdc_test",
        "32": "hdc_test",
        "33": "hdc_test",
        "34": "hdc_test",
        "35": "hdc_test",
        "36": "hdc_test",
        "37": "hdc_test",
        "38": "hdc_test"
    },
    "SCHEMA_NAME": {
        "0": "",
        "1": "",
        "2": "",
        "3": "",
        "4": "",
        "5": "",
        "6": "",
        "7": "",
        "8": "",
        "9": "",
        "10": "",
        "11": "",
        "12": "",
        "13": "",
        "14": "",
        "15": "",
        "16": "",
        "17": "",
        "18": "",
        "19": "",
        "20": "",
        "21": "",
        "22": "",
        "23": "",
        "24": "",
        "25": "",
        "26": "",
        "27": "",
        "28": "",
        "29": "",
        "30": "",
        "31": "",
        "32": "",
        "33": "",
        "34": "",
        "35": "",
        "36": "",
        "37": "",
        "38": ""
    },
    "TABLE_NAME": {
        "0": "assorted_data_types",
        "1": "assorted_data_types",
        "2": "assorted_data_types",
        "3": "assorted_data_types",
        "4": "assorted_data_types",
        "5": "assorted_data_types",
        "6": "assorted_data_types",
        "7": "assorted_data_types",
        "8": "assorted_data_types",
        "9": "assorted_data_types",
        "10": "assorted_data_types",
        "11": "child_table",
        "12": "child_table",
        "13": "employee",
        "14": "employee",
        "15": "employee",
        "16": "primary_table",
        "17": "primary_table",
        "18": "primary_table",
        "19": "structarray_table",
        "20": "structarray_table",
        "21": "structarrayvc_table",
        "22": "structarrayvc_table",
        "23": "structarrayvc_table",
        "24": "table12",
        "25": "table12",
        "26": "table13",
        "27": "table13",
        "28": "table14",
        "29": "table14",
        "30": "table15",
        "31": "table15",
        "32": "table16",
        "33": "table16",
        "34": "table2",
        "35": "table3",
        "36": "table4",
        "37": "table4",
        "38": "testencoding"
    },
    "COLUMN_NAME": {
        "0": "col_array_int",
        "1": "col_binary",
        "2": "col_boolean",
        "3": "col_date",
        "4": "col_int",
        "5": "col_integer",
        "6": "col_smallint",
        "7": "col_string",
        "8": "col_struct",
        "9": "col_timestamp",
        "10": "col_tinyint",
        "11": "id1",
        "12": "id2",
        "13": "dept",
        "14": "id",
        "15": "name",
        "16": "dept",
        "17": "id",
        "18": "name",
        "19": "id",
        "20": "st",
        "21": "id",
        "22": "name",
        "23": "st",
        "24": "a",
        "25": "b",
        "26": "a",
        "27": "b",
        "28": "a",
        "29": "b",
        "30": "a",
        "31": "b",
        "32": "a",
        "33": "b",
        "34": "a",
        "35": "x",
        "36": "x",
        "37": "y",
        "38": "a"
    },
    "COLUMN_TYPE": {
        "0": "array<int>",
        "1": "binary",
        "2": "boolean",
        "3": "date",
        "4": "int",
        "5": "int",
        "6": "smallint",
        "7": "string",
        "8": "struct<x_coord:double,y_coord:float,z_coord:int,s_coord:string>",
        "9": "timestamp",
        "10": "tinyint",
        "11": "int",
        "12": "int",
        "13": "string",
        "14": "int",
        "15": "string",
        "16": "string",
        "17": "int",
        "18": "string",
        "19": "int",
        "20": "array<struct<X:double,y:int,z:string>>",
        "21": "int",
        "22": "varchar",
        "23": "array<struct<X:double,y:int,z:string>>",
        "24": "string",
        "25": "string",
        "26": "string",
        "27": "string",
        "28": "string",
        "29": "string",
        "30": "string",
        "31": "string",
        "32": "string",
        "33": "string",
        "34": "string",
        "35": "string",
        "36": "string",
        "37": "string",
        "38": "string"
    },
    "COLUMN_SIZE": {
        "0": "",
        "1": "",
        "2": "",
        "3": "",
        "4": "",
        "5": "",
        "6": "",
        "7": "",
        "8": "",
        "9": "",
        "10": "",
        "11": "",
        "12": "",
        "13": "",
        "14": "",
        "15": "",
        "16": "",
        "17": "",
        "18": "",
        "19": "",
        "20": "",
        "21": "",
        "22": "(50)",
        "23": "",
        "24": "",
        "25": "",
        "26": "",
        "27": "",
        "28": "",
        "29": "",
        "30": "",
        "31": "",
        "32": "",
        "33": "",
        "34": "",
        "35": "",
        "36": "",
        "37": "",
        "38": ""
    },
    "NOT_NULL": {
        "0": "N",
        "1": "N",
        "2": "N",
        "3": "N",
        "4": "N",
        "5": "N",
        "6": "N",
        "7": "N",
        "8": "N",
        "9": "N",
        "10": "N",
        "11": "N",
        "12": "N",
        "13": "N",
        "14": "N",
        "15": "N",
        "16": "N",
        "17": "N",
        "18": "N",
        "19": "N",
        "20": "N",
        "21": "N",
        "22": "N",
        "23": "N",
        "24": "Y",
        "25": "Y",
        "26": "Y",
        "27": "Y",
        "28": "Y",
        "29": "N",
        "30": "N",
        "31": "N",
        "32": "N",
        "33": "N",
        "34": "Y",
        "35": "Y",
        "36": "Y",
        "37": "Y",
        "38": "N"
    },
    "DEFAULT_VALUE": {
        "0": "",
        "1": "",
        "2": "",
        "3": "",
        "4": "",
        "5": "",
        "6": "",
        "7": "",
        "8": "",
        "9": "",
        "10": "",
        "11": "",
        "12": "",
        "13": "",
        "14": "",
        "15": "",
        "16": "",
        "17": "",
        "18": "",
        "19": "",
        "20": "",
        "21": "",
        "22": "",
        "23": "",
        "24": "",
        "25": "",
        "26": "",
        "27": "",
        "28": "",
        "29": "",
        "30": "",
        "31": "",
        "32": "",
        "33": "",
        "34": "",
        "35": "",
        "36": "",
        "37": "",
        "38": ""
    },
    "COMMENT_STRING": {
        "0": null,
        "1": null,
        "2": null,
        "3": null,
        "4": null,
        "5": null,
        "6": null,
        "7": null,
        "8": null,
        "9": null,
        "10": null,
        "11": null,
        "12": null,
        "13": null,
        "14": null,
        "15": null,
        "16": null,
        "17": null,
        "18": null,
        "19": null,
        "20": null,
        "21": null,
        "22": null,
        "23": null,
        "24": null,
        "25": null,
        "26": null,
        "27": null,
        "28": null,
        "29": null,
        "30": null,
        "31": null,
        "32": null,
        "33": null,
        "34": null,
        "35": null,
        "36": null,
        "37": null,
        "38": null
    },
    "CHARACTER_SET_NAME": {
        "0": "org.apache.hadoop.hive.serde2.lazy.LazySimpleSerDe",
        "1": "org.apache.hadoop.hive.serde2.lazy.LazySimpleSerDe",
        "2": "org.apache.hadoop.hive.serde2.lazy.LazySimpleSerDe",
        "3": "org.apache.hadoop.hive.serde2.lazy.LazySimpleSerDe",
        "4": "org.apache.hadoop.hive.serde2.lazy.LazySimpleSerDe",
        "5": "org.apache.hadoop.hive.serde2.lazy.LazySimpleSerDe",
        "6": "org.apache.hadoop.hive.serde2.lazy.LazySimpleSerDe",
        "7": "org.apache.hadoop.hive.serde2.lazy.LazySimpleSerDe",
        "8": "org.apache.hadoop.hive.serde2.lazy.LazySimpleSerDe",
        "9": "org.apache.hadoop.hive.serde2.lazy.LazySimpleSerDe",
        "10": "org.apache.hadoop.hive.serde2.lazy.LazySimpleSerDe",
        "11": "org.apache.hadoop.hive.serde2.lazy.LazySimpleSerDe",
        "12": "org.apache.hadoop.hive.serde2.lazy.LazySimpleSerDe",
        "13": "org.apache.hadoop.hive.serde2.lazy.LazySimpleSerDe",
        "14": "org.apache.hadoop.hive.serde2.lazy.LazySimpleSerDe",
        "15": "org.apache.hadoop.hive.serde2.lazy.LazySimpleSerDe",
        "16": "org.apache.hadoop.hive.serde2.lazy.LazySimpleSerDe",
        "17": "org.apache.hadoop.hive.serde2.lazy.LazySimpleSerDe",
        "18": "org.apache.hadoop.hive.serde2.lazy.LazySimpleSerDe",
        "19": "org.apache.hadoop.hive.serde2.lazy.LazySimpleSerDe",
        "20": "org.apache.hadoop.hive.serde2.lazy.LazySimpleSerDe",
        "21": "org.apache.hadoop.hive.serde2.lazy.LazySimpleSerDe",
        "22": "org.apache.hadoop.hive.serde2.lazy.LazySimpleSerDe",
        "23": "org.apache.hadoop.hive.serde2.lazy.LazySimpleSerDe",
        "24": "org.apache.hadoop.hive.serde2.lazy.LazySimpleSerDe",
        "25": "org.apache.hadoop.hive.serde2.lazy.LazySimpleSerDe",
        "26": "org.apache.hadoop.hive.serde2.lazy.LazySimpleSerDe",
        "27": "org.apache.hadoop.hive.serde2.lazy.LazySimpleSerDe",
        "28": "org.apache.hadoop.hive.serde2.lazy.LazySimpleSerDe",
        "29": "org.apache.hadoop.hive.serde2.lazy.LazySimpleSerDe",
        "30": "org.apache.hadoop.hive.serde2.lazy.LazySimpleSerDe",
        "31": "org.apache.hadoop.hive.serde2.lazy.LazySimpleSerDe",
        "32": "org.apache.hadoop.hive.serde2.lazy.LazySimpleSerDe",
        "33": "org.apache.hadoop.hive.serde2.lazy.LazySimpleSerDe",
        "34": "org.apache.hadoop.hive.serde2.lazy.LazySimpleSerDe",
        "35": "org.apache.hadoop.hive.serde2.lazy.LazySimpleSerDe",
        "36": "org.apache.hadoop.hive.serde2.lazy.LazySimpleSerDe",
        "37": "org.apache.hadoop.hive.serde2.lazy.LazySimpleSerDe",
        "38": "org.apache.hadoop.hive.serde2.lazy.LazySimpleSerDe"
    },
    "COLLATION_NAME": {
        "0": "UTF-8",
        "1": "UTF-8",
        "2": "UTF-8",
        "3": "UTF-8",
        "4": "UTF-8",
        "5": "UTF-8",
        "6": "UTF-8",
        "7": "UTF-8",
        "8": "UTF-8",
        "9": "UTF-8",
        "10": "UTF-8",
        "11": "UTF-8",
        "12": "UTF-8",
        "13": "UTF-8",
        "14": "UTF-8",
        "15": "UTF-8",
        "16": "UTF-8",
        "17": "UTF-8",
        "18": "UTF-8",
        "19": "UTF-8",
        "20": "UTF-8",
        "21": "UTF-8",
        "22": "UTF-8",
        "23": "UTF-8",
        "24": "UTF-8",
        "25": "UTF-8",
        "26": "UTF-8",
        "27": "UTF-8",
        "28": "UTF-8",
        "29": "UTF-8",
        "30": "UTF-8",
        "31": "UTF-8",
        "32": "UTF-8",
        "33": "UTF-8",
        "34": "UTF-8",
        "35": "UTF-8",
        "36": "UTF-8",
        "37": "UTF-8",
        "38": "SJIS"
    },
    "PRIMARY_KEY": {
        "0": null,
        "1": null,
        "2": null,
        "3": null,
        "4": null,
        "5": null,
        "6": null,
        "7": null,
        "8": null,
        "9": null,
        "10": null,
        "11": null,
        "12": null,
        "13": "id",
        "14": "id",
        "15": "id",
        "16": "id",
        "17": "id",
        "18": "id",
        "19": null,
        "20": null,
        "21": null,
        "22": null,
        "23": null,
        "24": null,
        "25": null,
        "26": null,
        "27": null,
        "28": null,
        "29": null,
        "30": null,
        "31": null,
        "32": null,
        "33": null,
        "34": "a",
        "35": "x",
        "36": null,
        "37": null,
        "38": null
    },
    "FOREIGN_KEY": {
        "0": null,
        "1": null,
        "2": null,
        "3": null,
        "4": null,
        "5": null,
        "6": null,
        "7": null,
        "8": null,
        "9": null,
        "10": null,
        "11": "c1-id2",
        "12": "c1-id2",
        "13": null,
        "14": null,
        "15": null,
        "16": null,
        "17": null,
        "18": null,
        "19": null,
        "20": null,
        "21": null,
        "22": null,
        "23": null,
        "24": null,
        "25": null,
        "26": null,
        "27": null,
        "28": null,
        "29": null,
        "30": "fk_215257428_1691041445154_0-a#fk_215257428_1691041445154_0-a#fk_215257428_1691041445154_0-a",
        "31": "fk_215257428_1691041445154_0-a#fk_215257428_1691041445154_0-a#fk_215257428_1691041445154_0-a",
        "32": "fk_17096277_1691041452451_0-a#fk_17096277_1691041452451_0-a#fk_17096277_1691041452451_0-a#nn16_1-a#nn16_1-a#nn16_1-a",
        "33": "fk_17096277_1691041452451_0-a#fk_17096277_1691041452451_0-a#fk_17096277_1691041452451_0-a#nn16_1-a#nn16_1-a#nn16_1-a",
        "34": null,
        "35": "fk1-x#fk1-x",
        "36": "fk2-x#fk2-x#fk3-y#fk3-y",
        "37": "fk2-x#fk2-x#fk3-y#fk3-y",
        "38": null
    },
    "PARENT_TABLE": {
        "0": null,
        "1": null,
        "2": null,
        "3": null,
        "4": null,
        "5": null,
        "6": null,
        "7": null,
        "8": null,
        "9": null,
        "10": null,
        "11": "primary_table",
        "12": "primary_table",
        "13": null,
        "14": null,
        "15": null,
        "16": null,
        "17": null,
        "18": null,
        "19": null,
        "20": null,
        "21": null,
        "22": null,
        "23": null,
        "24": null,
        "25": null,
        "26": null,
        "27": null,
        "28": null,
        "29": null,
        "30": "table4",
        "31": "table4",
        "32": "table4",
        "33": "table4",
        "34": null,
        "35": "table2",
        "36": "table2",
        "37": "table2",
        "38": null
    }
}