{
    "DatabaseName": {
        "0": "hdc_test",
        "1": "hdc_test",
        "2": "hdc_test",
        "3": "hdc_test",
        "4": "hdc_test",
        "5": "hdc_test",
        "6": "hdc_test",
        "7": "hdc_test",
        "8": "hdc_test",
        "9": "hdc_test",
        "10": "hdc_test",
        "11": "hdc_test",
        "12": "hdc_test",
        "13": "hdc_test",
        "14": "hdc_test"
    },
    "SchemaName": {
        "0": "",
        "1": "",
        "2": "",
        "3": "",
        "4": "",
        "5": "",
        "6": "",
        "7": "",
        "8": "",
        "9": "",
        "10": "",
        "11": "",
        "12": "",
        "13": "",
        "14": ""
    },
    "TableName": {
        "0": "structarray_table",
        "1": "structarrayvc_table",
        "2": "table2",
        "3": "table3",
        "4": "table4",
        "5": "table12",
        "6": "table13",
        "7": "table14",
        "8": "table15",
        "9": "table16",
        "10": "testencoding",
        "11": "assorted_data_types",
        "12": "employee",
        "13": "primary_table",
        "14": "child_table"
    },
    "TableType": {
        "0": "MANAGED_TABLE",
        "1": "MANAGED_TABLE",
        "2": "MANAGED_TABLE",
        "3": "MANAGED_TABLE",
        "4": "MANAGED_TABLE",
        "5": "MANAGED_TABLE",
        "6": "MANAGED_TABLE",
        "7": "MANAGED_TABLE",
        "8": "MANAGED_TABLE",
        "9": "MANAGED_TABLE",
        "10": "MANAGED_TABLE",
        "11": "MANAGED_TABLE",
        "12": "MANAGED_TABLE",
        "13": "MANAGED_TABLE",
        "14": "MANAGED_TABLE"
    },
    "PrimaryKey": {
        "0": null,
        "1": null,
        "2": "a",
        "3": "x",
        "4": null,
        "5": null,
        "6": null,
        "7": null,
        "8": null,
        "9": null,
        "10": null,
        "11": null,
        "12": "id",
        "13": "id",
        "14": null
    },
    "ForeignKey": {
        "0": null,
        "1": null,
        "2": null,
        "3": "fk1-x",
        "4": "fk2-x#fk3-y",
        "5": null,
        "6": null,
        "7": null,
        "8": "fk_215257428_1691041445154_0-a",
        "9": "fk_17096277_1691041452451_0-a#nn16_1-a",
        "10": null,
        "11": null,
        "12": null,
        "13": null,
        "14": "c1-id2"
    },
    "IndexColumn": {
        "0": "",
        "1": "",
        "2": "",
        "3": "",
        "4": "",
        "5": "",
        "6": "",
        "7": "",
        "8": "",
        "9": "",
        "10": "",
        "11": "",
        "12": "",
        "13": "",
        "14": ""
    },
    "LastAccessed": {
        "0": 0,
        "1": 0,
        "2": 0,
        "3": 0,
        "4": 0,
        "5": 0,
        "6": 0,
        "7": 0,
        "8": 0,
        "9": 0,
        "10": 0,
        "11": 0,
        "12": 0,
        "13": 0,
        "14": 0
    },
    "RowCount": {
        "0": "0",
        "1": "0",
        "2": "0",
        "3": "0",
        "4": "0",
        "5": "0",
        "6": "0",
        "7": "0",
        "8": "0",
        "9": "0",
        "10": "0",
        "11": "0",
        "12": "0",
        "13": "0",
        "14": "0"
    },
    "ColumnCount": {
        "0": 2,
        "1": 3,
        "2": 1,
        "3": 1,
        "4": 2,
        "5": 2,
        "6": 2,
        "7": 2,
        "8": 2,
        "9": 2,
        "10": 1,
        "11": 11,
        "12": 3,
        "13": 3,
        "14": 2
    },
    "TableSizeInMb": {
        "0": "0",
        "1": "0",
        "2": "0",
        "3": "0",
        "4": "0",
        "5": "0",
        "6": "0",
        "7": "0",
        "8": "0",
        "9": "0",
        "10": "0",
        "11": "0",
        "12": "0",
        "13": "0",
        "14": "0"
    },
    "Comments": {
        "0": null,
        "1": null,
        "2": null,
        "3": null,
        "4": null,
        "5": null,
        "6": null,
        "7": null,
        "8": null,
        "9": null,
        "10": null,
        "11": null,
        "12": null,
        "13": null,
        "14": null
    },
    "TriggerPresent": {
        "0": "N",
        "1": "N",
        "2": "N",
        "3": "N",
        "4": "N",
        "5": "N",
        "6": "N",
        "7": "N",
        "8": "N",
        "9": "N",
        "10": "N",
        "11": "N",
        "12": "N",
        "13": "N",
        "14": "N"
    },
    "PartitionColumn": {
        "0": null,
        "1": null,
        "2": null,
        "3": null,
        "4": null,
        "5": null,
        "6": null,
        "7": null,
        "8": null,
        "9": null,
        "10": null,
        "11": null,
        "12": null,
        "13": null,
        "14": null
    },
    "LastModified": {
        "0": "2023-08-02 12:45:28",
        "1": "2023-08-02 13:22:18",
        "2": "2023-08-03 05:43:27",
        "3": "2023-08-03 05:43:38",
        "4": "2023-08-03 05:43:50",
        "5": "2023-08-03 05:44:14",
        "6": "2023-08-03 05:44:16",
        "7": "2023-08-03 05:44:02",
        "8": "2023-08-03 05:44:05",
        "9": "2023-08-03 05:44:12",
        "10": "2023-08-03 08:29:27",
        "11": "2023-08-07 05:36:49",
        "12": "2023-08-07 12:12:01",
        "13": "2023-08-12 16:43:27",
        "14": "2023-08-12 16:48:01"
    },
    "Location": {
        "0": "hdfs:\/\/ip-172-31-70-212.ec2.internal:8020\/user\/hive\/warehouse\/hdc_test.db\/structarray_table",
        "1": "hdfs:\/\/ip-172-31-70-212.ec2.internal:8020\/user\/hive\/warehouse\/hdc_test.db\/structarrayvc_table",
        "2": "hdfs:\/\/ip-172-31-70-212.ec2.internal:8020\/user\/hive\/warehouse\/hdc_test.db\/table2",
        "3": "hdfs:\/\/ip-172-31-70-212.ec2.internal:8020\/user\/hive\/warehouse\/hdc_test.db\/table3",
        "4": "hdfs:\/\/ip-172-31-70-212.ec2.internal:8020\/user\/hive\/warehouse\/hdc_test.db\/table4",
        "5": "hdfs:\/\/ip-172-31-70-212.ec2.internal:8020\/user\/hive\/warehouse\/hdc_test.db\/table12",
        "6": "hdfs:\/\/ip-172-31-70-212.ec2.internal:8020\/user\/hive\/warehouse\/hdc_test.db\/table13",
        "7": "hdfs:\/\/ip-172-31-70-212.ec2.internal:8020\/user\/hive\/warehouse\/hdc_test.db\/table14",
        "8": "hdfs:\/\/ip-172-31-70-212.ec2.internal:8020\/user\/hive\/warehouse\/hdc_test.db\/table15",
        "9": "hdfs:\/\/ip-172-31-70-212.ec2.internal:8020\/user\/hive\/warehouse\/hdc_test.db\/table16",
        "10": "hdfs:\/\/ip-172-31-70-212.ec2.internal:8020\/user\/hive\/warehouse\/hdc_test.db\/testencoding",
        "11": "hdfs:\/\/ip-172-31-70-212.ec2.internal:8020\/user\/hive\/warehouse\/hdc_test.db\/assorted_data_types",
        "12": "hdfs:\/\/ip-172-31-70-212.ec2.internal:8020\/user\/hive\/warehouse\/hdc_test.db\/employee",
        "13": "hdfs:\/\/ip-172-31-70-212.ec2.internal:8020\/user\/hive\/warehouse\/hdc_test.db\/primary_table",
        "14": "hdfs:\/\/ip-172-31-70-212.ec2.internal:8020\/user\/hive\/warehouse\/hdc_test.db\/child_table"
    }
}