DatabaseName,SchemaName,TableName,TableType,PrimaryKey,ForeignKey,IndexColumn,LastAccessed,RowCount,ColumnCount,TableSizeInMb,Comments,TriggerPresent,PartitionColumn,LastModified,Location
default,,zipcodes,MANAGED_TABLE,,,,0,1,4,25,,N,state,2023-07-28 05:40:12,"hdfs://ip-172-31-70-212.ec2.internal:8020/user/hive/warehouse/zipcodes,hdfs://ip-172-31-70-212.ec2.internal:8020/user/hive/warehouse/zipcodes/state=MH"
default,,tbl_demo,MANAGED_TABLE,,,,0,0,2,0,,N,rowcreatedon,2023-07-28 08:24:08,hdfs://ip-172-31-70-212.ec2.internal:8020/user/hive/warehouse/tbl_demo
hdc_test,,testencoding,MANAGED_TABLE,,,,0,0,1,0,,N,,2023-08-03 08:29:27,hdfs://ip-172-31-70-212.ec2.internal:8020/user/hive/warehouse/hdc_test.db/testencoding
hdc_test,,table4,MANAGED_TABLE,,fk2-x#fk3-y,,0,0,2,0,,N,,2023-08-03 05:43:50,hdfs://ip-172-31-70-212.ec2.internal:8020/user/hive/warehouse/hdc_test.db/table4
hdc_test,,table3,MANAGED_TABLE,x,fk1-x,,0,0,1,0,,N,,2023-08-03 05:43:38,hdfs://ip-172-31-70-212.ec2.internal:8020/user/hive/warehouse/hdc_test.db/table3
hdc_test,,table2,MANAGED_TABLE,a,,,0,0,1,0,,N,,2023-08-03 05:43:27,hdfs://ip-172-31-70-212.ec2.internal:8020/user/hive/warehouse/hdc_test.db/table2
hdc_test,,table16,MANAGED_TABLE,,fk_17096277_1691041452451_0-a#nn16_1-a,,0,0,2,0,,N,,2023-08-03 05:44:12,hdfs://ip-172-31-70-212.ec2.internal:8020/user/hive/warehouse/hdc_test.db/table16
hdc_test,,table15,MANAGED_TABLE,,fk_215257428_1691041445154_0-a,,0,0,2,0,,N,,2023-08-03 05:44:05,hdfs://ip-172-31-70-212.ec2.internal:8020/user/hive/warehouse/hdc_test.db/table15
hdc_test,,table14,MANAGED_TABLE,,,,0,0,2,0,,N,,2023-08-03 05:44:02,hdfs://ip-172-31-70-212.ec2.internal:8020/user/hive/warehouse/hdc_test.db/table14
hdc_test,,table13,MANAGED_TABLE,,,,0,0,2,0,,N,,2023-08-03 05:44:16,hdfs://ip-172-31-70-212.ec2.internal:8020/user/hive/warehouse/hdc_test.db/table13
hdc_test,,table12,MANAGED_TABLE,,,,0,0,2,0,,N,,2023-08-03 05:44:14,hdfs://ip-172-31-70-212.ec2.internal:8020/user/hive/warehouse/hdc_test.db/table12
hdc_test,,structarrayvc_table,MANAGED_TABLE,,,,0,0,3,0,,N,,2023-08-02 13:22:18,hdfs://ip-172-31-70-212.ec2.internal:8020/user/hive/warehouse/hdc_test.db/structarrayvc_table
hdc_test,,structarray_table,MANAGED_TABLE,,,,0,0,2,0,,N,,2023-08-02 12:45:28,hdfs://ip-172-31-70-212.ec2.internal:8020/user/hive/warehouse/hdc_test.db/structarray_table
hdc_test,,employee,MANAGED_TABLE,id,,,0,0,3,0,,N,,2023-08-07 12:12:01,hdfs://ip-172-31-70-212.ec2.internal:8020/user/hive/warehouse/hdc_test.db/employee
hdc_test,,assorted_data_types,MANAGED_TABLE,,,,0,0,11,0,,N,,2023-08-07 05:36:49,hdfs://ip-172-31-70-212.ec2.internal:8020/user/hive/warehouse/hdc_test.db/assorted_data_types
hdm_test,,zipcodes,MANAGED_TABLE,,,,0,0,4,0,,N,state,2023-07-31 12:27:46,hdfs://ip-172-31-70-212.ec2.internal:8020/user/hive/warehouse/hdm_test.db/zipcodes
hdm_test,,sample_table3,MANAGED_TABLE,,,,0,15,5,5075,,N,,2023-07-26 11:02:00,hdfs://ip-172-31-70-212.ec2.internal:8020/user/hive/warehouse/hdm_test.db/sample_table3
hdm_test,,sample_table2,MANAGED_TABLE,,,,0,10,8,772,,N,,2023-07-26 10:55:02,hdfs://ip-172-31-70-212.ec2.internal:8020/user/hive/warehouse/hdm_test.db/sample_table2
hdm_test,,sample_table1,MANAGED_TABLE,,,,0,18,4,2276,,N,,2023-07-26 10:51:21,hdfs://ip-172-31-70-212.ec2.internal:8020/user/hive/warehouse/hdm_test.db/sample_table1
hdm_test,,customer_reviews,MANAGED_TABLE,,,,0,2,3,884,,N,,2023-08-08 06:05:48,hdfs://ip-172-31-70-212.ec2.internal:8020/user/hive/warehouse/hdm_test.db/customer_reviews
hdm_test,,books,MANAGED_TABLE,,,,0,8,4,7989,Test Comment,N,"category,publication_year",2023-08-02 11:50:07,"hdfs://ip-172-31-70-212.ec2.internal:8020/user/hive/warehouse/hdm_test.db/books/category=Mystery/publication_year=1892,hdfs://ip-172-31-70-212.ec2.internal:8020/user/hive/warehouse/hdm_test.db/books/category=Mystery/publication_year=2005,hdfs://ip-172-31-70-212.ec2.internal:8020/user/hive/warehouse/hdm_test.db/books/category=Science Fiction/publication_year=1984,hdfs://ip-172-31-70-212.ec2.internal:8020/user/hive/warehouse/hdm_test.db/books/category=Science Fiction/publication_year=1953,hdfs://ip-172-31-70-212.ec2.internal:8020/user/hive/warehouse/hdm_test.db/books,hdfs://ip-172-31-70-212.ec2.internal:8020/user/hive/warehouse/hdm_test.db/books/category=Mystery/publication_year=1920,hdfs://ip-172-31-70-212.ec2.internal:8020/user/hive/warehouse/hdm_test.db/books/category=Science Fiction/publication_year=1965,hdfs://ip-172-31-70-212.ec2.internal:8020/user/hive/warehouse/hdm_test.db/books/category=Mystery/publication_year=2012,hdfs://ip-172-31-70-212.ec2.internal:8020/user/hive/warehouse/hdm_test.db/books/categor"
test,,helloworld,MANAGED_TABLE,,,,0,0,3,0,,N,,2023-07-25 04:13:49,hdfs://ip-172-31-70-212.ec2.internal:8020/user/hive/warehouse/test.db/helloworld
