DATABASE_NAME,SCHEMA_NAME,TABLE_NAME,COLUMN_NAME,COLUMN_TYPE,COLUMN_SIZE,NOT_NULL,DEFAULT_VALUE,COMMENT_STRING,CHARACTER_SET_NAME,COLLATION_NAME,PRIMARY_KEY,FOREIGN_KEY,PARENT_TABLE
hdc_test,,assorted_data_types,col_array_int,array<int>,,N,,,org.apache.hadoop.hive.serde2.lazy.LazySimpleSerDe,UTF-8,,,
hdc_test,,assorted_data_types,col_binary,binary,,N,,,org.apache.hadoop.hive.serde2.lazy.LazySimpleSerDe,UTF-8,,,
hdc_test,,assorted_data_types,col_boolean,boolean,,N,,,org.apache.hadoop.hive.serde2.lazy.LazySimpleSerDe,UTF-8,,,
hdc_test,,assorted_data_types,col_date,date,,N,,,org.apache.hadoop.hive.serde2.lazy.LazySimpleSerDe,UTF-8,,,
hdc_test,,assorted_data_types,col_int,int,,N,,,org.apache.hadoop.hive.serde2.lazy.LazySimpleSerDe,UTF-8,,,
hdc_test,,assorted_data_types,col_integer,int,,N,,,org.apache.hadoop.hive.serde2.lazy.LazySimpleSerDe,UTF-8,,,
hdc_test,,assorted_data_types,col_smallint,smallint,,N,,,org.apache.hadoop.hive.serde2.lazy.LazySimpleSerDe,UTF-8,,,
hdc_test,,assorted_data_types,col_string,string,,N,,,org.apache.hadoop.hive.serde2.lazy.LazySimpleSerDe,UTF-8,,,
hdc_test,,assorted_data_types,col_struct,"struct<x_coord:double,y_coord:float,z_coord:int,s_coord:string>",,N,,,org.apache.hadoop.hive.serde2.lazy.LazySimpleSerDe,UTF-8,,,
hdc_test,,assorted_data_types,col_timestamp,timestamp,,N,,,org.apache.hadoop.hive.serde2.lazy.LazySimpleSerDe,UTF-8,,,
hdc_test,,assorted_data_types,col_tinyint,tinyint,,N,,,org.apache.hadoop.hive.serde2.lazy.LazySimpleSerDe,UTF-8,,,
hdc_test,,child_table,id1,int,,N,,,org.apache.hadoop.hive.serde2.lazy.LazySimpleSerDe,UTF-8,,c1-id2,primary_table
hdc_test,,child_table,id2,int,,N,,,org.apache.hadoop.hive.serde2.lazy.LazySimpleSerDe,UTF-8,,c1-id2,primary_table
hdc_test,,employee,dept,string,,N,,,org.apache.hadoop.hive.serde2.lazy.LazySimpleSerDe,UTF-8,id,,
hdc_test,,employee,id,int,,N,,,org.apache.hadoop.hive.serde2.lazy.LazySimpleSerDe,UTF-8,id,,
hdc_test,,employee,name,string,,N,,,org.apache.hadoop.hive.serde2.lazy.LazySimpleSerDe,UTF-8,id,,
hdc_test,,primary_table,dept,string,,N,,,org.apache.hadoop.hive.serde2.lazy.LazySimpleSerDe,UTF-8,id,,
hdc_test,,primary_table,id,int,,N,,,org.apache.hadoop.hive.serde2.lazy.LazySimpleSerDe,UTF-8,id,,
hdc_test,,primary_table,name,string,,N,,,org.apache.hadoop.hive.serde2.lazy.LazySimpleSerDe,UTF-8,id,,
hdc_test,,structarray_table,id,int,,N,,,org.apache.hadoop.hive.serde2.lazy.LazySimpleSerDe,UTF-8,,,
hdc_test,,structarray_table,st,"array<struct<X:double,y:int,z:string>>",,N,,,org.apache.hadoop.hive.serde2.lazy.LazySimpleSerDe,UTF-8,,,
hdc_test,,structarrayvc_table,id,int,,N,,,org.apache.hadoop.hive.serde2.lazy.LazySimpleSerDe,UTF-8,,,
hdc_test,,structarrayvc_table,name,varchar,(50),N,,,org.apache.hadoop.hive.serde2.lazy.LazySimpleSerDe,UTF-8,,,
hdc_test,,structarrayvc_table,st,"array<struct<X:double,y:int,z:string>>",,N,,,org.apache.hadoop.hive.serde2.lazy.LazySimpleSerDe,UTF-8,,,
hdc_test,,table12,a,string,,Y,,,org.apache.hadoop.hive.serde2.lazy.LazySimpleSerDe,UTF-8,,,
hdc_test,,table12,b,string,,Y,,,org.apache.hadoop.hive.serde2.lazy.LazySimpleSerDe,UTF-8,,,
hdc_test,,table13,a,string,,Y,,,org.apache.hadoop.hive.serde2.lazy.LazySimpleSerDe,UTF-8,,,
hdc_test,,table13,b,string,,Y,,,org.apache.hadoop.hive.serde2.lazy.LazySimpleSerDe,UTF-8,,,
hdc_test,,table14,a,string,,Y,,,org.apache.hadoop.hive.serde2.lazy.LazySimpleSerDe,UTF-8,,,
hdc_test,,table14,b,string,,N,,,org.apache.hadoop.hive.serde2.lazy.LazySimpleSerDe,UTF-8,,,
hdc_test,,table15,a,string,,N,,,org.apache.hadoop.hive.serde2.lazy.LazySimpleSerDe,UTF-8,,fk_215257428_1691041445154_0-a#fk_215257428_1691041445154_0-a#fk_215257428_1691041445154_0-a,table4
hdc_test,,table15,b,string,,N,,,org.apache.hadoop.hive.serde2.lazy.LazySimpleSerDe,UTF-8,,fk_215257428_1691041445154_0-a#fk_215257428_1691041445154_0-a#fk_215257428_1691041445154_0-a,table4
hdc_test,,table16,a,string,,N,,,org.apache.hadoop.hive.serde2.lazy.LazySimpleSerDe,UTF-8,,fk_17096277_1691041452451_0-a#fk_17096277_1691041452451_0-a#fk_17096277_1691041452451_0-a#nn16_1-a#nn16_1-a#nn16_1-a,table4
hdc_test,,table16,b,string,,N,,,org.apache.hadoop.hive.serde2.lazy.LazySimpleSerDe,UTF-8,,fk_17096277_1691041452451_0-a#fk_17096277_1691041452451_0-a#fk_17096277_1691041452451_0-a#nn16_1-a#nn16_1-a#nn16_1-a,table4
hdc_test,,table2,a,string,,Y,,,org.apache.hadoop.hive.serde2.lazy.LazySimpleSerDe,UTF-8,a,,
hdc_test,,table3,x,string,,Y,,,org.apache.hadoop.hive.serde2.lazy.LazySimpleSerDe,UTF-8,x,fk1-x#fk1-x,table2
hdc_test,,table4,x,string,,Y,,,org.apache.hadoop.hive.serde2.lazy.LazySimpleSerDe,UTF-8,,fk2-x#fk2-x#fk3-y#fk3-y,table2
hdc_test,,table4,y,string,,Y,,,org.apache.hadoop.hive.serde2.lazy.LazySimpleSerDe,UTF-8,,fk2-x#fk2-x#fk3-y#fk3-y,table2
hdc_test,,testencoding,a,string,,N,,,org.apache.hadoop.hive.serde2.lazy.LazySimpleSerDe,SJIS,,,
