DATABASE_NAME,SCHEMA_NAME,TABLE_NAME,COLUMN_NAME,COLUMN_TYPE,COLUMN_SIZE,NOT_NULL,DEFAULT_VALUE,COMMENT_STRING,CHARACTER_SET_NAME,COLLATION_NAME
default,,tbl_demo,rowid,int,,N,,,org.apache.hadoop.hive.serde2.lazy.LazySimpleSerDe,UTF-8
default,,tbl_demo,name,string,,N,,,org.apache.hadoop.hive.serde2.lazy.LazySimpleSerDe,UTF-8
default,,tbl_demo,rowcreatedon,string,,N,,,org.apache.hadoop.hive.serde2.lazy.LazySimpleSerDe,UTF-8
default,,zipcodes,recordnumber,int,,N,,,org.apache.hadoop.hive.serde2.lazy.LazySimpleSerDe,UTF-8
default,,zipcodes,country,string,,N,,,org.apache.hadoop.hive.serde2.lazy.LazySimpleSerDe,UTF-8
default,,zipcodes,city,string,,N,,,org.apache.hadoop.hive.serde2.lazy.LazySimpleSerDe,UTF-8
default,,zipcodes,zipcode,int,,N,,,org.apache.hadoop.hive.serde2.lazy.LazySimpleSerDe,UTF-8
default,,zipcodes,state,string,,N,,,org.apache.hadoop.hive.serde2.lazy.LazySimpleSerDe,UTF-8
hdc_test,,assorted_data_types,col_tinyint,tinyint,,N,,,org.apache.hadoop.hive.serde2.lazy.LazySimpleSerDe,UTF-8
hdc_test,,assorted_data_types,col_smallint,smallint,,N,,,org.apache.hadoop.hive.serde2.lazy.LazySimpleSerDe,UTF-8
hdc_test,,assorted_data_types,col_int,int,,N,,,org.apache.hadoop.hive.serde2.lazy.LazySimpleSerDe,UTF-8
hdc_test,,assorted_data_types,col_integer,int,,N,,,org.apache.hadoop.hive.serde2.lazy.LazySimpleSerDe,UTF-8
hdc_test,,assorted_data_types,col_timestamp,timestamp,,N,,,org.apache.hadoop.hive.serde2.lazy.LazySimpleSerDe,UTF-8
hdc_test,,assorted_data_types,col_date,date,,N,,,org.apache.hadoop.hive.serde2.lazy.LazySimpleSerDe,UTF-8
hdc_test,,assorted_data_types,col_string,string,,N,,,org.apache.hadoop.hive.serde2.lazy.LazySimpleSerDe,UTF-8
hdc_test,,assorted_data_types,col_boolean,boolean,,N,,,org.apache.hadoop.hive.serde2.lazy.LazySimpleSerDe,UTF-8
hdc_test,,assorted_data_types,col_binary,binary,,N,,,org.apache.hadoop.hive.serde2.lazy.LazySimpleSerDe,UTF-8
hdc_test,,assorted_data_types,col_array_int,array<int>,,N,,,org.apache.hadoop.hive.serde2.lazy.LazySimpleSerDe,UTF-8
hdc_test,,assorted_data_types,col_struct,"struct<x_coord:double,y_coord:float,z_coord:int,s_coord:string>",,N,,,org.apache.hadoop.hive.serde2.lazy.LazySimpleSerDe,UTF-8
hdc_test,,employee,id,int,,N,,,org.apache.hadoop.hive.serde2.lazy.LazySimpleSerDe,UTF-8
hdc_test,,employee,name,string,,N,,,org.apache.hadoop.hive.serde2.lazy.LazySimpleSerDe,UTF-8
hdc_test,,employee,dept,string,,N,,,org.apache.hadoop.hive.serde2.lazy.LazySimpleSerDe,UTF-8
hdc_test,,structarray_table,id,int,,N,,,org.apache.hadoop.hive.serde2.lazy.LazySimpleSerDe,UTF-8
hdc_test,,structarray_table,st,"array<struct<X:double,y:int,z:string>>",,N,,,org.apache.hadoop.hive.serde2.lazy.LazySimpleSerDe,UTF-8
hdc_test,,structarrayvc_table,name,varchar,(50),N,,,org.apache.hadoop.hive.serde2.lazy.LazySimpleSerDe,UTF-8
hdc_test,,structarrayvc_table,id,int,,N,,,org.apache.hadoop.hive.serde2.lazy.LazySimpleSerDe,UTF-8
hdc_test,,structarrayvc_table,st,"array<struct<X:double,y:int,z:string>>",,N,,,org.apache.hadoop.hive.serde2.lazy.LazySimpleSerDe,UTF-8
hdc_test,,table12,a,string,,Y,,,org.apache.hadoop.hive.serde2.lazy.LazySimpleSerDe,UTF-8
hdc_test,,table12,b,string,,Y,,,org.apache.hadoop.hive.serde2.lazy.LazySimpleSerDe,UTF-8
hdc_test,,table13,a,string,,Y,,,org.apache.hadoop.hive.serde2.lazy.LazySimpleSerDe,UTF-8
hdc_test,,table13,b,string,,Y,,,org.apache.hadoop.hive.serde2.lazy.LazySimpleSerDe,UTF-8
hdc_test,,table14,a,string,,Y,,,org.apache.hadoop.hive.serde2.lazy.LazySimpleSerDe,UTF-8
hdc_test,,table14,b,string,,N,,,org.apache.hadoop.hive.serde2.lazy.LazySimpleSerDe,UTF-8
hdc_test,,table15,a,string,,N,,,org.apache.hadoop.hive.serde2.lazy.LazySimpleSerDe,UTF-8
hdc_test,,table15,b,string,,N,,,org.apache.hadoop.hive.serde2.lazy.LazySimpleSerDe,UTF-8
hdc_test,,table16,a,string,,N,,,org.apache.hadoop.hive.serde2.lazy.LazySimpleSerDe,UTF-8
hdc_test,,table16,b,string,,N,,,org.apache.hadoop.hive.serde2.lazy.LazySimpleSerDe,UTF-8
hdc_test,,table2,a,string,,Y,,,org.apache.hadoop.hive.serde2.lazy.LazySimpleSerDe,UTF-8
hdc_test,,table3,x,string,,Y,,,org.apache.hadoop.hive.serde2.lazy.LazySimpleSerDe,UTF-8
hdc_test,,table4,x,string,,Y,,,org.apache.hadoop.hive.serde2.lazy.LazySimpleSerDe,UTF-8
hdc_test,,table4,y,string,,Y,,,org.apache.hadoop.hive.serde2.lazy.LazySimpleSerDe,UTF-8
hdc_test,,testencoding,a,string,,N,,,org.apache.hadoop.hive.serde2.lazy.LazySimpleSerDe,SJIS
hdm_test,,books,book_id,int,,N,,,org.apache.hadoop.hive.ql.io.parquet.serde.ParquetHiveSerDe,UTF-8
hdm_test,,books,title,string,,N,,,org.apache.hadoop.hive.ql.io.parquet.serde.ParquetHiveSerDe,UTF-8
hdm_test,,books,author,string,,N,,,org.apache.hadoop.hive.ql.io.parquet.serde.ParquetHiveSerDe,UTF-8
hdm_test,,books,price,double,,N,,,org.apache.hadoop.hive.ql.io.parquet.serde.ParquetHiveSerDe,UTF-8
hdm_test,,books,category,string,,N,,,org.apache.hadoop.hive.ql.io.parquet.serde.ParquetHiveSerDe,UTF-8
hdm_test,,books,publication_year,int,,N,,,org.apache.hadoop.hive.ql.io.parquet.serde.ParquetHiveSerDe,UTF-8
hdm_test,,customer_reviews,review_id,int,,N,,,org.apache.hadoop.hive.ql.io.parquet.serde.ParquetHiveSerDe,UTF-8
hdm_test,,customer_reviews,product_id,string,,N,,,org.apache.hadoop.hive.ql.io.parquet.serde.ParquetHiveSerDe,UTF-8
hdm_test,,customer_reviews,review_text,string,,N,,,org.apache.hadoop.hive.ql.io.parquet.serde.ParquetHiveSerDe,UTF-8
hdm_test,,sample_table1,id,int,,N,,,org.apache.hadoop.hive.ql.io.parquet.serde.ParquetHiveSerDe,UTF-8
hdm_test,,sample_table1,name,string,,N,,,org.apache.hadoop.hive.ql.io.parquet.serde.ParquetHiveSerDe,UTF-8
hdm_test,,sample_table1,age,int,,N,,,org.apache.hadoop.hive.ql.io.parquet.serde.ParquetHiveSerDe,UTF-8
hdm_test,,sample_table1,city,string,,N,,,org.apache.hadoop.hive.ql.io.parquet.serde.ParquetHiveSerDe,UTF-8
hdm_test,,sample_table2,id,int,,N,,,org.apache.hadoop.hive.serde2.lazy.LazySimpleSerDe,UTF-8
hdm_test,,sample_table2,name,string,,N,,,org.apache.hadoop.hive.serde2.lazy.LazySimpleSerDe,UTF-8
hdm_test,,sample_table2,age,int,,N,,,org.apache.hadoop.hive.serde2.lazy.LazySimpleSerDe,UTF-8
hdm_test,,sample_table2,email,string,,N,,,org.apache.hadoop.hive.serde2.lazy.LazySimpleSerDe,UTF-8
hdm_test,,sample_table2,city,string,,N,,,org.apache.hadoop.hive.serde2.lazy.LazySimpleSerDe,UTF-8
hdm_test,,sample_table2,salary,double,,N,,,org.apache.hadoop.hive.serde2.lazy.LazySimpleSerDe,UTF-8
hdm_test,,sample_table2,hire_date,date,,N,,,org.apache.hadoop.hive.serde2.lazy.LazySimpleSerDe,UTF-8
hdm_test,,sample_table2,is_active,boolean,,N,,,org.apache.hadoop.hive.serde2.lazy.LazySimpleSerDe,UTF-8
hdm_test,,sample_table3,id,int,,N,,,org.apache.hadoop.hive.ql.io.parquet.serde.ParquetHiveSerDe,UTF-8
hdm_test,,sample_table3,name,string,,N,,,org.apache.hadoop.hive.ql.io.parquet.serde.ParquetHiveSerDe,UTF-8
hdm_test,,sample_table3,address,"struct<street:string,city:string,zip:int>",,N,,,org.apache.hadoop.hive.ql.io.parquet.serde.ParquetHiveSerDe,UTF-8
hdm_test,,sample_table3,age,int,,N,,,org.apache.hadoop.hive.ql.io.parquet.serde.ParquetHiveSerDe,UTF-8
hdm_test,,sample_table3,salary,double,,N,,,org.apache.hadoop.hive.ql.io.parquet.serde.ParquetHiveSerDe,UTF-8
hdm_test,,zipcodes,recordnumber,int,,N,,,org.apache.hadoop.hive.serde2.lazy.LazySimpleSerDe,UTF-8
hdm_test,,zipcodes,country,string,,N,,,org.apache.hadoop.hive.serde2.lazy.LazySimpleSerDe,UTF-8
hdm_test,,zipcodes,city,string,,N,,,org.apache.hadoop.hive.serde2.lazy.LazySimpleSerDe,UTF-8
hdm_test,,zipcodes,zipcode,int,,N,,,org.apache.hadoop.hive.serde2.lazy.LazySimpleSerDe,UTF-8
hdm_test,,zipcodes,state,string,,N,,,org.apache.hadoop.hive.serde2.lazy.LazySimpleSerDe,UTF-8
test,,helloworld,name,string,,N,,,org.apache.hadoop.hive.serde2.lazy.LazySimpleSerDe,UTF-8
test,,helloworld,age,string,,N,,,org.apache.hadoop.hive.serde2.lazy.LazySimpleSerDe,UTF-8
test,,helloworld,gender,string,,N,,,org.apache.hadoop.hive.serde2.lazy.LazySimpleSerDe,UTF-8
