DatabaseName,SchemaName,TableName,TableType,PrimaryKey,ForeignKey,IndexColumn,LastAccessed,RowCount,ColumnCount,TableSizeInMb,Comments,TriggerPresent,PartitionColumn,LastModified,Location
hdc_test,,structarray_table,MANAGED_TABLE,,,,0,0,2,0,,N,,2023-08-02 12:45:28,hdfs://ip-172-31-70-212.ec2.internal:8020/user/hive/warehouse/hdc_test.db/structarray_table
hdc_test,,structarrayvc_table,MANAGED_TABLE,,,,0,0,3,0,,N,,2023-08-02 13:22:18,hdfs://ip-172-31-70-212.ec2.internal:8020/user/hive/warehouse/hdc_test.db/structarrayvc_table
hdc_test,,table2,MANAGED_TABLE,a,,,0,0,1,0,,N,,2023-08-03 05:43:27,hdfs://ip-172-31-70-212.ec2.internal:8020/user/hive/warehouse/hdc_test.db/table2
hdc_test,,table3,MANAGED_TABLE,x,fk1-x,,0,0,1,0,,N,,2023-08-03 05:43:38,hdfs://ip-172-31-70-212.ec2.internal:8020/user/hive/warehouse/hdc_test.db/table3
hdc_test,,table4,MANAGED_TABLE,,fk2-x#fk3-y,,0,0,2,0,,N,,2023-08-03 05:43:50,hdfs://ip-172-31-70-212.ec2.internal:8020/user/hive/warehouse/hdc_test.db/table4
hdc_test,,table12,MANAGED_TABLE,,,,0,0,2,0,,N,,2023-08-03 05:44:14,hdfs://ip-172-31-70-212.ec2.internal:8020/user/hive/warehouse/hdc_test.db/table12
hdc_test,,table13,MANAGED_TABLE,,,,0,0,2,0,,N,,2023-08-03 05:44:16,hdfs://ip-172-31-70-212.ec2.internal:8020/user/hive/warehouse/hdc_test.db/table13
hdc_test,,table14,MANAGED_TABLE,,,,0,0,2,0,,N,,2023-08-03 05:44:02,hdfs://ip-172-31-70-212.ec2.internal:8020/user/hive/warehouse/hdc_test.db/table14
hdc_test,,table15,MANAGED_TABLE,,fk_215257428_1691041445154_0-a,,0,0,2,0,,N,,2023-08-03 05:44:05,hdfs://ip-172-31-70-212.ec2.internal:8020/user/hive/warehouse/hdc_test.db/table15
hdc_test,,table16,MANAGED_TABLE,,fk_17096277_1691041452451_0-a#nn16_1-a,,0,0,2,0,,N,,2023-08-03 05:44:12,hdfs://ip-172-31-70-212.ec2.internal:8020/user/hive/warehouse/hdc_test.db/table16
hdc_test,,testencoding,MANAGED_TABLE,,,,0,0,1,0,,N,,2023-08-03 08:29:27,hdfs://ip-172-31-70-212.ec2.internal:8020/user/hive/warehouse/hdc_test.db/testencoding
hdc_test,,assorted_data_types,MANAGED_TABLE,,,,0,0,11,0,,N,,2023-08-07 05:36:49,hdfs://ip-172-31-70-212.ec2.internal:8020/user/hive/warehouse/hdc_test.db/assorted_data_types
hdc_test,,employee,MANAGED_TABLE,id,,,0,0,3,0,,N,,2023-08-07 12:12:01,hdfs://ip-172-31-70-212.ec2.internal:8020/user/hive/warehouse/hdc_test.db/employee
hdc_test,,primary_table,MANAGED_TABLE,id,,,0,0,3,0,,N,,2023-08-12 16:43:27,hdfs://ip-172-31-70-212.ec2.internal:8020/user/hive/warehouse/hdc_test.db/primary_table
hdc_test,,child_table,MANAGED_TABLE,,c1-id2,,0,0,2,0,,N,,2023-08-12 16:48:01,hdfs://ip-172-31-70-212.ec2.internal:8020/user/hive/warehouse/hdc_test.db/child_table
