{
    "BigQuery": {
        "params": [
            {
                "param_name": "dataset",
                "widget_name": "Dataset",
                "widget_type": "text_input",
                "disabled": "False",
                "default": ""
            },
            {
                "param_name": "client_service_json",
                "widget_name": "Client Service JSON",
                "widget_type": "file_uploader",
                "disabled": "False",
                "default": ""
            }
        ]
    },
    "Hdfs": {
        "params": [
            {
                "param_name": "dir",
                "widget_name": "Directory",
                "widget_type": "text_input",
                "disabled": "False",
                "default": ""
            },
            {
                "param_name": "user",
                "widget_name": "User",
                "widget_type": "text_input",
                "disabled": "False",
                "default": ""
            },
            {
                "param_name": "file_format",
                "widget_name": "File Format",
                "widget_type": "text_input",
                "disabled": "False",
                "default": ""
            },
            {
                "param_name": "partition_depth",
                "widget_name": "Partition Depth",
                "widget_type": "text_input",
                "disabled": "False",
                "default": ""
            }
        ]
    },
    "Hive": {
        "params": [
            {
                "param_name": "protocol",
                "widget_name": "Protocol",
                "widget_type": "text_input",
                "disabled": "True",
                "default": "jdbc"
            },
            {
                "param_name": "user",
                "widget_name": "User",
                "widget_type": "text_input",
                "disabled": "False",
                "default": "hadoop"
            },
            {
                "param_name": "password",
                "widget_name": "Password",
                "widget_type": "password",
                "disabled": "False",
                "default": ""
            },
            {
                "param_name": "connectionurl",
                "widget_name": "Connection URL",
                "widget_type": "text_input",
                "disabled": "False",
                "default": "jdbc:hive2://ec2-3-236-147-154.compute-1.amazonaws.com:10000/"
            },
            {
                "param_name": "database",
                "widget_name": "Database",
                "widget_type": "text_input",
                "disabled": "False",
                "default": "default"
            },
            {
                "param_name": "drivername",
                "widget_name": "Driver Name",
                "widget_type": "text_input",
                "disabled": "True",
                "default": "com.amazon.hive.jdbc41.HS2Driver"
            },
            {
                "param_name": "driverpath",
                "widget_name": "Driver Path",
                "widget_type": "text_input",
                "disabled": "False",
                "default": "C:/NTTDATA/Deutche_bank/Jars/HiveJDBC41.jar"
            }
        ]
    },
    "Netezza": {
        "params": [
            {
                "param_name": "protocol",
                "widget_name": "Protocol",
                "widget_type": "selectbox",
                "disabled": "False",
                "options": [
                    "jdbc",
                    "odbc"
                ],
                "default": 0
            },
            {
                "param_name": "drivername",
                "widget_name": "Driver Name",
                "widget_type": "text_input",
                "disabled": "False",
                "default": ""
            },
            {
                "param_name": "driverpath",
                "widget_name": "Driver Path",
                "widget_type": "text_input",
                "disabled": "False",
                "default": ""
            },
            {
                "param_name": "user",
                "widget_name": "User",
                "widget_type": "text_input",
                "disabled": "False",
                "default": ""
            },
            {
                "param_name": "password",
                "widget_name": "Password",
                "widget_type": "password",
                "disabled": "False",
                "default": ""
            },
            {
                "param_name": "host",
                "widget_name": "Host",
                "widget_type": "text_input",
                "disabled": "False",
                "default": ""
            },
            {
                "param_name": "port",
                "widget_name": "Port",
                "widget_type": "text_input",
                "disabled": "False",
                "default": ""
            },
            {
                "param_name": "database",
                "widget_name": "Database",
                "widget_type": "text_input",
                "disabled": "False",
                "default": ""
            }
        ]
    },
    "Oracle": {
        "params": [
            {
                "param_name": "secret_name",
                "widget_name": "Secret Name",
                "widget_type": "text_input",
                "disabled": "False",
                "default": "LocalOracleConnection",
                "tooltip": "Name of the Secret Manager Service name"
            },
            {
                "param_name": "protocol",
                "widget_name": "Protocol",
                "widget_type": "selectbox",
                "disabled": "False",
                "options": [
                    "cx_oracle",
                    "jdbc",
                    "odbc"
                ],
                "default": 0,
                "tooltip": "Select the desired protocol. Check Oracle configuration in host machine"
            },
            {
                "param_name": "drivername",
                "widget_name": "Driver Name",
                "widget_type": "text_input",
                "disabled": "False",
                "default": "oracle",
                "tooltip": "Oracle driver dame"
            },
            {
                "param_name": "driverpath",
                "widget_name": "Driver Path",
                "widget_type": "text_input",
                "disabled": "False",
                "default": "C:/Python/Python37",
                "tooltip": "Location of driver on the host machine"
            },
            {
                "param_name": "host",
                "widget_name": "Host",
                "widget_type": "text_input",
                "disabled": "False",
                "default": "INPUNSSP9T00BG3",
                "tooltip": "Name of the host machine"
            },
            {
                "param_name": "port",
                "widget_name": "Port",
                "widget_type": "text_input",
                "disabled": "False",
                "default": 1521,
                "tooltip": "default oracle port is 1521. Check Oracle installation on the host machine"
            },
            {
                "param_name": "database",
                "widget_name": "Database",
                "widget_type": "text_input",
                "disabled": "False",
                "default": "HDM",
                "tooltip": "Name of the database"
            },
            {
                "param_name": "schema",
                "widget_name": "Schema",
                "widget_type": "text_input",
                "disabled": "False",
                "default": "HDM",
                "tooltip": "Name of the schema under the database"
            },
            {
                "param_name": "sid",
                "widget_name": "Sid",
                "widget_type": "text_input",
                "disabled": "False",
                "default": "XEPDB1",
                "tooltip": "Name of SID. Check oracle configuration for this value"
            },
            {
                "param_name": "client_library_dir",
                "widget_name": "Client Library Directory",
                "widget_type": "text_input",
                "disabled": "False",
                "default": "C:/Python/Python37",
                "tooltip": "Location of Oracle library for python on the host machine"
            }
        ]
    },
    "SQL": {
        "params": [
            {
                "param_name": "drivername",
                "widget_name": "Driver Name",
                "widget_type": "selectbox",
                "disabled": "False",
                "options": [
                    "SQL Server",
                    "ODBC Driver 17 for SQL Server"
                ],
                "default": 0
            },
            {
                "param_name": "user",
                "widget_name": "User",
                "widget_type": "text_input",
                "disabled": "False",
                "default": ""
            },
            {
                "param_name": "password",
                "widget_name": "Password",
                "widget_type": "password",
                "disabled": "False",
                "default": ""
            },
            {
                "param_name": "host",
                "widget_name": "Host",
                "widget_type": "text_input",
                "disabled": "False",
                "default": ""
            },
            {
                "param_name": "port",
                "widget_name": "Port",
                "widget_type": "text_input",
                "disabled": "False",
                "default": ""
            },
            {
                "param_name": "database",
                "widget_name": "Database",
                "widget_type": "text_input",
                "disabled": "False",
                "default": ""
            }
        ]
    },
    "Teradata": {
        "params": [
            {
                "param_name": "user",
                "widget_name": "User",
                "widget_type": "text_input",
                "disabled": "False",
                "default": ""
            },
            {
                "param_name": "password",
                "widget_name": "Password",
                "widget_type": "password",
                "disabled": "False",
                "default": ""
            },
            {
                "param_name": "host",
                "widget_name": "Host",
                "widget_type": "text_input",
                "disabled": "False",
                "default": ""
            },
            {
                "param_name": "port",
                "widget_name": "Port",
                "widget_type": "text_input",
                "disabled": "False",
                "default": ""
            },
            {
                "param_name": "database",
                "widget_name": "Database",
                "widget_type": "text_input",
                "disabled": "False",
                "default": ""
            }
        ]
    },
    "Snowflake": {
        "params": [
            {
                "param_name": "account",
                "widget_name": "Account",
                "widget_type": "text_input",
                "disabled": "False",
                "default": ""
            },
            {
                "param_name": "role",
                "widget_name": "Role",
                "widget_type": "text_input",
                "disabled": "False",
                "default": ""
            },
            {
                "param_name": "warehouse",
                "widget_name": "Warehouse",
                "widget_type": "text_input",
                "disabled": "False",
                "default": ""
            },
            {
                "param_name": "database",
                "widget_name": "Database",
                "widget_type": "text_input",
                "disabled": "False",
                "default": ""
            },
            {
                "param_name": "schema",
                "widget_name": "Schema",
                "widget_type": "text_input",
                "disabled": "False",
                "default": ""
            },
            {
                "param_name": "user",
                "widget_name": "User",
                "widget_type": "text_input",
                "disabled": "False",
                "default": ""
            },
            {
                "param_name": "password",
                "widget_name": "Password",
                "widget_type": "password",
                "disabled": "False",
                "default": ""
            }
        ]
    },
    "Databricks": {
        "params": [
            {
                "param_name": "server_hostname",
                "widget_name": "Server Host Name",
                "widget_type": "text_input",
                "disabled": "False",
                "default": ""
            },
            {
                "param_name": "http_path",
                "widget_name": "HTTP Path",
                "widget_type": "text_input",
                "disabled": "False",
                "default": ""
            },
            {
                "param_name": "token",
                "widget_name": "Access Token",
                "widget_type": "password",
                "disabled": "False",
                "default": ""
            }
        ]
    }
}